mean_impurity,std_impurity,num_leaves,max_depth,capacity
0.2505743735065869,0.3104601882757544,224.0,21.0,447.0
