mean_impurity,std_impurity,num_leaves,max_depth,capacity
0.24540778363022125,0.307443659574399,201.0,15.0,401.0
